year,month,bald_eagle_count,osprey_count,temperature,runsize,spawners,predicted_osprey_count,osprey_count_lag1,temp_lag1,fish_lag1,osprey_count_lag2,temp_lag2,fish_lag2,osprey_count_lag3,temp_lag3,fish_lag3,osprey_count_roll3,temp_roll3,fish_roll3
1994,7,11.0,132.0,0.51,2058768.1735636364,470649.1466818182,5.61,132.0,0.5,2058768.1735636364,154.0,0.52,2058768.1735636366,209.0,0.63,2058768.1735636364,139.33333333333334,0.5100000000000001,2058768.1735636366
1994,8,22.0,220.0,0.26,2058768.1735636364,470649.1466818182,5.720000000000001,132.0,0.51,2058768.1735636364,132.0,0.5,2058768.1735636364,154.0,0.52,2058768.1735636366,161.33333333333334,0.42333333333333334,2058768.1735636364
1994,9,33.0,396.0,0.46,2058768.1735636364,470649.1466818182,15.180000000000001,220.0,0.26,2058768.1735636364,132.0,0.51,2058768.1735636364,132.0,0.5,2058768.1735636364,249.33333333333334,0.41,2058768.1735636364
1994,10,33.0,286.0,0.51,2058768.1735636364,470649.1466818182,16.830000000000002,396.0,0.46,2058768.1735636364,220.0,0.26,2058768.1735636364,132.0,0.51,2058768.1735636364,300.6666666666667,0.41,2058768.1735636364
1994,11,55.0,176.0,0.62,2058768.1735636366,470649.1466818182,34.1,286.0,0.51,2058768.1735636364,396.0,0.46,2058768.1735636364,220.0,0.26,2058768.1735636364,286.0,0.5299999999999999,2058768.1735636366
1994,12,671.0,363.0,0.4,2058768.1735636364,470649.1466818182,268.40000000000003,176.0,0.62,2058768.1735636366,286.0,0.51,2058768.1735636364,396.0,0.46,2058768.1735636364,275.0,0.51,2058768.1735636361
1995,1,372.0,324.0,0.59,2061687.4842824999,954852.3496741666,219.48,363.0,0.4,2058768.1735636364,176.0,0.62,2058768.1735636366,286.0,0.51,2058768.1735636364,287.6666666666667,0.5366666666666666,2059741.277136591
1995,2,312.0,168.0,0.8,2061687.4842825,954852.3496741666,249.60000000000002,324.0,0.59,2061687.4842824999,363.0,0.4,2058768.1735636364,176.0,0.62,2058768.1735636366,285.0,0.5966666666666667,2060714.3807095455
1995,3,144.0,264.0,0.85,2061687.4842825,954852.3496741666,122.39999999999999,168.0,0.8,2061687.4842825,324.0,0.59,2061687.4842824999,363.0,0.4,2058768.1735636364,252.0,0.7466666666666667,2061687.4842825
1995,4,36.0,384.0,0.6,2061687.4842824999,954852.3496741666,21.599999999999998,264.0,0.85,2061687.4842825,168.0,0.8,2061687.4842825,324.0,0.59,2061687.4842824999,272.0,0.75,2061687.4842824999
1995,5,120.0,240.0,0.3,2061687.4842824999,954852.3496741666,36.0,384.0,0.6,2061687.4842824999,264.0,0.85,2061687.4842825,168.0,0.8,2061687.4842825,296.0,0.5833333333333334,2061687.4842824999
1995,6,12.0,480.0,0.25,2061687.4842824999,954852.3496741666,3.0,240.0,0.3,2061687.4842824999,384.0,0.6,2061687.4842824999,264.0,0.85,2061687.4842825,368.0,0.3833333333333333,2061687.4842824999
1995,7,24.0,156.0,0.26,2061687.4842825,954852.3496741666,6.24,480.0,0.25,2061687.4842824999,240.0,0.3,2061687.4842824999,384.0,0.6,2061687.4842824999,292.0,0.27,2061687.4842824999
1995,8,12.0,384.0,-0.03,2061687.4842824999,954852.3496741666,-0.36,156.0,0.26,2061687.4842825,480.0,0.25,2061687.4842824999,240.0,0.3,2061687.4842824999,340.0,0.16,2061687.4842824999
1995,9,12.0,1116.0,0.39,2061687.4842825,954852.3496741666,4.68,384.0,-0.03,2061687.4842824999,156.0,0.26,2061687.4842825,480.0,0.25,2061687.4842824999,552.0,0.2066666666666667,2061687.4842825
1995,10,24.0,468.0,0.05,2061687.4842825,954852.3496741666,1.2000000000000002,1116.0,0.39,2061687.4842825,384.0,-0.03,2061687.4842824999,156.0,0.26,2061687.4842825,656.0,0.1366666666666667,2061687.4842825
1995,11,120.0,264.0,0.4,2061687.4842824999,954852.3496741666,48.0,468.0,0.05,2061687.4842825,1116.0,0.39,2061687.4842825,384.0,-0.03,2061687.4842824999,616.0,0.28,2061687.4842824999
1995,12,144.0,240.0,0.52,2061687.4842825,954852.3496741666,74.88,264.0,0.4,2061687.4842824999,468.0,0.05,2061687.4842825,1116.0,0.39,2061687.4842825,324.0,0.32333333333333336,2061687.4842824999
1996,1,242.0,187.0,0.060000000000000005,1324321.6493363637,423434.8529036364,14.520000000000001,240.0,0.52,2061687.4842825,264.0,0.4,2061687.4842824999,468.0,0.05,2061687.4842825,230.33333333333334,0.3266666666666667,1815898.8726337878
1996,2,484.0,198.0,0.29,1324321.6493363637,423434.8529036364,140.35999999999999,187.0,0.060000000000000005,1324321.6493363637,240.0,0.52,2061687.4842825,264.0,0.4,2061687.4842824999,208.33333333333334,0.29,1570110.2609850757
1996,3,77.0,297.0,0.43,1324321.6493363637,423434.85290363635,33.11,198.0,0.29,1324321.6493363637,187.0,0.060000000000000005,1324321.6493363637,240.0,0.52,2061687.4842825,227.33333333333334,0.26,1324321.6493363637
1996,4,33.0,407.0,0.34,1324321.6493363637,423434.85290363635,11.22,297.0,0.43,1324321.6493363637,198.0,0.29,1324321.6493363637,187.0,0.060000000000000005,1324321.6493363637,300.6666666666667,0.35333333333333333,1324321.6493363637
1996,5,44.0,341.0,0.54,1324321.6493363637,423434.85290363635,23.76,407.0,0.34,1324321.6493363637,297.0,0.43,1324321.6493363637,198.0,0.29,1324321.6493363637,348.3333333333333,0.4366666666666667,1324321.6493363637
1996,6,44.0,363.0,0.57,1324321.6493363637,423434.85290363635,25.08,341.0,0.54,1324321.6493363637,407.0,0.34,1324321.6493363637,297.0,0.43,1324321.6493363637,370.3333333333333,0.4833333333333334,1324321.6493363637
1996,7,88.0,286.0,0.19,1324321.6493363637,423434.8529036364,16.72,363.0,0.57,1324321.6493363637,341.0,0.54,1324321.6493363637,407.0,0.34,1324321.6493363637,330.0,0.43333333333333335,1324321.6493363637
1996,8,0.0,1177.0,-0.01,1324321.6493363637,423434.85290363635,-0.0,286.0,0.19,1324321.6493363637,363.0,0.57,1324321.6493363637,341.0,0.54,1324321.6493363637,608.6666666666666,0.25,1324321.6493363637
1996,9,44.0,1419.0,0.24,1324321.6493363637,423434.85290363635,10.559999999999999,1177.0,-0.01,1324321.6493363637,286.0,0.19,1324321.6493363637,363.0,0.57,1324321.6493363637,960.6666666666666,0.13999999999999999,1324321.6493363637
1996,10,99.0,341.0,0.28,1324321.6493363637,423434.85290363635,27.720000000000002,1419.0,0.24,1324321.6493363637,1177.0,-0.01,1324321.6493363637,286.0,0.19,1324321.6493363637,979.0,0.17,1324321.6493363637
1996,11,209.0,209.0,0.25,1324321.6493363637,423434.8529036364,52.25,341.0,0.28,1324321.6493363637,1419.0,0.24,1324321.6493363637,1177.0,-0.01,1324321.6493363637,656.3333333333334,0.25666666666666665,1324321.6493363637
1996,12,143.0,209.0,0.08,1324321.6493363637,423434.85290363635,11.44,209.0,0.25,1324321.6493363637,341.0,0.28,1324321.6493363637,1419.0,0.24,1324321.6493363637,253.0,0.20333333333333334,1324321.6493363637
1997,1,276.0,276.0,-0.010000000000000002,2530555.376935833,729683.0500291667,-2.7600000000000007,209.0,0.08,1324321.6493363637,209.0,0.25,1324321.6493363637,341.0,0.28,1324321.6493363637,231.33333333333334,0.10666666666666667,1726399.5585361868
1997,2,528.0,360.0,-0.14,2530555.376935833,729683.0500291667,-73.92,276.0,-0.010000000000000002,2530555.376935833,209.0,0.08,1324321.6493363637,209.0,0.25,1324321.6493363637,281.6666666666667,-0.023333333333333334,2128477.46773601
1997,3,192.0,276.0,0.28,2530555.3769358336,729683.0500291666,53.760000000000005,360.0,-0.14,2530555.376935833,276.0,-0.010000000000000002,2530555.376935833,209.0,0.08,1324321.6493363637,304.0,0.043333333333333335,2530555.376935833
1997,4,24.0,492.0,0.22,2530555.376935833,729683.0500291667,5.28,276.0,0.28,2530555.3769358336,360.0,-0.14,2530555.376935833,276.0,-0.010000000000000002,2530555.376935833,376.0,0.12,2530555.376935833
1997,5,48.0,336.0,0.73,2530555.376935833,729683.0500291667,35.04,492.0,0.22,2530555.376935833,276.0,0.28,2530555.3769358336,360.0,-0.14,2530555.376935833,368.0,0.41,2530555.376935833
1997,6,48.0,228.0,0.91,2530555.376935833,729683.0500291666,43.68,336.0,0.73,2530555.376935833,492.0,0.22,2530555.376935833,276.0,0.28,2530555.3769358336,352.0,0.62,2530555.376935833
1997,7,48.0,384.0,1.1,2530555.3769358336,729683.0500291666,52.800000000000004,228.0,0.91,2530555.376935833,336.0,0.73,2530555.376935833,492.0,0.22,2530555.376935833,316.0,0.9133333333333334,2530555.3769358336
1997,8,36.0,588.0,1.17,2530555.376935833,729683.0500291667,42.12,384.0,1.1,2530555.3769358336,228.0,0.91,2530555.376935833,336.0,0.73,2530555.376935833,400.0,1.0599999999999998,2530555.3769358336
1997,9,12.0,1116.0,0.96,2530555.376935833,729683.0500291666,11.52,588.0,1.17,2530555.376935833,384.0,1.1,2530555.3769358336,228.0,0.91,2530555.376935833,696.0,1.0766666666666664,2530555.3769358336
1997,10,0.0,300.0,1.02,2530555.376935833,729683.0500291667,0.0,1116.0,0.96,2530555.376935833,588.0,1.17,2530555.376935833,384.0,1.1,2530555.3769358336,668.0,1.0499999999999998,2530555.376935833
1997,11,84.0,408.0,0.9099999999999999,2530555.376935833,729683.0500291666,76.44,300.0,1.02,2530555.376935833,1116.0,0.96,2530555.376935833,588.0,1.17,2530555.376935833,608.0,0.9633333333333333,2530555.376935833
1997,12,360.0,348.0,0.96,2530555.376935833,729683.0500291667,345.59999999999997,408.0,0.9099999999999999,2530555.376935833,300.0,1.02,2530555.376935833,1116.0,0.96,2530555.376935833,352.0,0.9633333333333333,2530555.376935833
1998,1,324.0,588.0,0.74,1411212.6615558334,756335.1564425,239.76,348.0,0.96,2530555.376935833,408.0,0.9099999999999999,2530555.376935833,300.0,1.02,2530555.376935833,448.0,0.8699999999999998,2157441.1384758335
1998,2,348.0,264.0,0.74,1411212.6615558332,756335.1564425,257.52,588.0,0.74,1411212.6615558334,348.0,0.96,2530555.376935833,408.0,0.9099999999999999,2530555.376935833,400.0,0.8133333333333331,1784326.900015833
1998,3,228.0,408.0,0.44,1411212.6615558332,756335.1564425,100.32000000000001,264.0,0.74,1411212.6615558332,588.0,0.74,1411212.6615558334,348.0,0.96,2530555.376935833,420.0,0.6399999999999999,1411212.6615558332
1998,4,180.0,420.0,0.17,1411212.6615558334,756335.1564425001,30.6,408.0,0.44,1411212.6615558332,264.0,0.74,1411212.6615558332,588.0,0.74,1411212.6615558334,364.0,0.44999999999999996,1411212.6615558334
1998,5,84.0,444.0,0.36,1411212.6615558332,756335.1564425,30.24,420.0,0.17,1411212.6615558334,408.0,0.44,1411212.6615558332,264.0,0.74,1411212.6615558332,424.0,0.32333333333333325,1411212.6615558334
1998,6,120.0,456.0,0.48,1411212.6615558332,756335.1564425,57.599999999999994,444.0,0.36,1411212.6615558332,420.0,0.17,1411212.6615558334,408.0,0.44,1411212.6615558332,440.0,0.3366666666666666,1411212.6615558334
1998,7,156.0,384.0,0.51,1411212.6615558332,756335.1564425,79.56,456.0,0.48,1411212.6615558332,444.0,0.36,1411212.6615558332,420.0,0.17,1411212.6615558334,428.0,0.4499999999999999,1411212.6615558332
1998,8,24.0,636.0,0.52,1411212.6615558334,756335.1564425001,12.48,384.0,0.51,1411212.6615558332,456.0,0.48,1411212.6615558332,444.0,0.36,1411212.6615558332,492.0,0.5033333333333333,1411212.6615558332
1998,9,0.0,1860.0,0.28,1411212.6615558332,756335.1564425001,0.0,636.0,0.52,1411212.6615558334,384.0,0.51,1411212.6615558332,456.0,0.48,1411212.6615558332,960.0,0.4366666666666666,1411212.6615558332
1998,10,12.0,768.0,0.08,1411212.6615558334,756335.1564425001,0.96,1860.0,0.28,1411212.6615558332,636.0,0.52,1411212.6615558334,384.0,0.51,1411212.6615558332,1088.0,0.2933333333333333,1411212.6615558334
1998,11,12.0,600.0,0.02,1411212.6615558332,756335.1564425,0.24,768.0,0.08,1411212.6615558334,1860.0,0.28,1411212.6615558332,636.0,0.52,1411212.6615558334,1076.0,0.1266666666666666,1411212.6615558334
1998,12,492.0,384.0,-0.13,1411212.6615558332,756335.1564425001,-63.96,600.0,0.02,1411212.6615558332,768.0,0.08,1411212.6615558334,1860.0,0.28,1411212.6615558332,584.0,-0.010000000000000073,1411212.6615558334
1999,1,494.0,1001.0,-0.03,998357.8784107693,729557.0667315385,-14.82,384.0,-0.13,1411212.6615558332,600.0,0.02,1411212.6615558332,768.0,0.08,1411212.6615558334,661.6666666666666,-0.046666666666666745,1273594.4005074785
1999,2,507.0,507.0,-0.1,998357.8784107692,729557.0667315384,-50.7,1001.0,-0.03,998357.8784107693,384.0,-0.13,1411212.6615558332,600.0,0.02,1411212.6615558332,630.6666666666666,-0.08666666666666674,1135976.1394591238
1999,3,468.0,585.0,-0.25,998357.8784107693,729557.0667315384,-117.0,507.0,-0.1,998357.8784107692,1001.0,-0.03,998357.8784107693,384.0,-0.13,1411212.6615558332,697.6666666666666,-0.12666666666666673,998357.8784107693
1999,4,182.0,923.0,-0.26,998357.8784107692,729557.0667315385,-47.32,585.0,-0.25,998357.8784107693,507.0,-0.1,998357.8784107692,1001.0,-0.03,998357.8784107693,671.6666666666666,-0.2033333333333334,998357.8784107693
1999,5,117.0,546.0,0.21,998357.8784107692,729557.0667315385,24.57,923.0,-0.26,998357.8784107692,585.0,-0.25,998357.8784107693,507.0,-0.1,998357.8784107692,684.6666666666666,-0.10000000000000009,998357.8784107693
1999,6,182.0,416.0,-0.03,998357.8784107693,729557.0667315385,-5.46,546.0,0.21,998357.8784107692,923.0,-0.26,998357.8784107692,585.0,-0.25,998357.8784107693,628.3333333333334,-0.026666666666666745,998357.8784107692
1999,7,0.0,637.0,-0.1,998357.8784107692,729557.0667315384,-0.0,416.0,-0.03,998357.8784107693,546.0,0.21,998357.8784107692,923.0,-0.26,998357.8784107692,533.0,0.02666666666666659,998357.8784107692
1999,8,65.0,1170.0,-0.44000000000000006,998357.8784107692,729557.0667315385,-28.600000000000005,637.0,-0.1,998357.8784107692,416.0,-0.03,998357.8784107693,546.0,0.21,998357.8784107692,741.0,-0.19000000000000009,998357.8784107692
1999,9,26.0,676.0,-0.59,998357.8784107692,729557.0667315385,-15.34,1170.0,-0.44000000000000006,998357.8784107692,637.0,-0.1,998357.8784107692,416.0,-0.03,998357.8784107693,827.6666666666666,-0.37666666666666676,998357.8784107692
1999,10,39.0,585.0,-0.61,998357.8784107692,729557.0667315385,-23.79,676.0,-0.59,998357.8784107692,1170.0,-0.44000000000000006,998357.8784107692,637.0,-0.1,998357.8784107692,810.3333333333334,-0.5466666666666667,998357.8784107692
1999,11,130.0,494.0,-0.42,998357.8784107692,729557.0667315385,-54.6,585.0,-0.61,998357.8784107692,676.0,-0.59,998357.8784107692,1170.0,-0.44000000000000006,998357.8784107692,585.0,-0.54,998357.8784107692
1999,12,533.0,1001.0,-0.62,998357.8784107693,729557.0667315385,-330.46,494.0,-0.42,998357.8784107692,585.0,-0.61,998357.8784107692,676.0,-0.59,998357.8784107692,693.3333333333334,-0.5500000000000002,998357.8784107693
2000,1,576.0,876.0,-0.45,1004722.8241233333,417703.27089916664,-259.2,1001.0,-0.62,998357.8784107693,494.0,-0.42,998357.8784107692,585.0,-0.61,998357.8784107692,790.3333333333334,-0.49666666666666676,1000479.526981624
2000,2,360.0,504.0,-0.11999999999999998,1004722.8241233334,417703.27089916664,-43.199999999999996,876.0,-0.45,1004722.8241233333,1001.0,-0.62,998357.8784107693,494.0,-0.42,998357.8784107692,793.6666666666666,-0.3966666666666668,1002601.1755524786
2000,3,120.0,600.0,-0.19,1004722.8241233334,417703.27089916664,-22.8,504.0,-0.11999999999999998,1004722.8241233334,876.0,-0.45,1004722.8241233333,1001.0,-0.62,998357.8784107693,660.0,-0.2533333333333334,1004722.8241233333
2000,4,96.0,300.0,0.0,1004722.8241233334,417703.27089916664,0.0,600.0,-0.19,1004722.8241233334,504.0,-0.11999999999999998,1004722.8241233334,876.0,-0.45,1004722.8241233333,468.0,-0.1033333333333334,1004722.8241233334
2000,5,12.0,372.0,0.08,1004722.8241233333,417703.27089916664,0.96,300.0,0.0,1004722.8241233334,600.0,-0.19,1004722.8241233334,504.0,-0.11999999999999998,1004722.8241233334,424.0,-0.03666666666666674,1004722.8241233333
2000,6,204.0,312.0,-0.11,1004722.8241233333,417703.27089916664,-22.44,372.0,0.08,1004722.8241233333,300.0,0.0,1004722.8241233334,600.0,-0.19,1004722.8241233334,328.0,-0.010000000000000073,1004722.8241233333
2000,7,60.0,420.0,0.01,1004722.8241233334,417703.27089916664,0.6,312.0,-0.11,1004722.8241233333,372.0,0.08,1004722.8241233333,300.0,0.0,1004722.8241233334,368.0,-0.00666666666666674,1004722.8241233333
2000,8,48.0,708.0,0.26,1004722.8241233333,417703.27089916664,12.48,420.0,0.01,1004722.8241233334,312.0,-0.11,1004722.8241233333,372.0,0.08,1004722.8241233333,480.0,0.05333333333333326,1004722.8241233333
2000,9,24.0,900.0,0.12,1004722.8241233334,417703.27089916664,2.88,708.0,0.26,1004722.8241233333,420.0,0.01,1004722.8241233334,312.0,-0.11,1004722.8241233333,676.0,0.12999999999999992,1004722.8241233336
2000,10,48.0,408.0,0.03,1004722.8241233333,417703.27089916664,1.44,900.0,0.12,1004722.8241233334,708.0,0.26,1004722.8241233333,420.0,0.01,1004722.8241233334,672.0,0.1366666666666666,1004722.8241233333
2000,11,288.0,744.0,-0.17,1004722.8241233334,417703.27089916664,-48.96,408.0,0.03,1004722.8241233333,900.0,0.12,1004722.8241233334,708.0,0.26,1004722.8241233333,684.0,-0.006666666666666747,1004722.8241233333
2000,12,924.0,864.0,0.11,1004722.8241233333,417703.27089916664,101.64,744.0,-0.17,1004722.8241233334,408.0,0.03,1004722.8241233333,900.0,0.12,1004722.8241233334,672.0,-0.010000000000000078,1004722.8241233333
2001,1,2156.0,952.0,0.15,2721996.40585,2179348.4017928573,323.4,864.0,0.11,1004722.8241233333,744.0,-0.17,1004722.8241233334,408.0,0.03,1004722.8241233333,853.3333333333334,0.02999999999999992,1577147.3513655558
2001,2,672.0,952.0,-0.11,2721996.40585,2179348.4017928573,-73.92,952.0,0.15,2721996.40585,864.0,0.11,1004722.8241233333,744.0,-0.17,1004722.8241233334,922.6666666666666,0.04999999999999993,2149571.878607778
2001,3,238.0,882.0,-0.22,2721996.40585,2179348.4017928573,-52.36,952.0,-0.11,2721996.40585,952.0,0.15,2721996.40585,864.0,0.11,1004722.8241233333,928.6666666666666,-0.06000000000000009,2721996.40585
2001,4,140.0,812.0,-0.19,2721996.4058499997,2179348.4017928573,-26.6,882.0,-0.22,2721996.40585,952.0,-0.11,2721996.40585,952.0,0.15,2721996.40585,882.0,-0.17333333333333342,2721996.40585
2001,5,56.0,602.0,0.16,2721996.40585,2179348.4017928573,8.96,812.0,-0.19,2721996.4058499997,882.0,-0.22,2721996.40585,952.0,-0.11,2721996.40585,765.3333333333334,-0.08333333333333341,2721996.40585
2001,6,140.0,308.0,0.28,2721996.4058499997,2179348.4017928573,39.2,602.0,0.16,2721996.40585,812.0,-0.19,2721996.4058499997,882.0,-0.22,2721996.40585,574.0,0.08333333333333326,2721996.4058499997
2001,7,84.0,560.0,0.37,2721996.40585,2179348.4017928573,31.08,308.0,0.28,2721996.4058499997,602.0,0.16,2721996.40585,812.0,-0.19,2721996.4058499997,490.0,0.26999999999999996,2721996.40585
2001,8,112.0,896.0,0.48,2721996.40585,2179348.4017928573,53.76,560.0,0.37,2721996.40585,308.0,0.28,2721996.4058499997,602.0,0.16,2721996.40585,588.0,0.37666666666666654,2721996.40585
2001,9,70.0,840.0,0.44000000000000006,2721996.40585,2179348.4017928573,30.800000000000004,896.0,0.48,2721996.40585,560.0,0.37,2721996.40585,308.0,0.28,2721996.4058499997,765.3333333333334,0.42999999999999994,2721996.40585
2001,10,84.0,602.0,0.29,2721996.40585,2179348.4017928573,24.36,840.0,0.44000000000000006,2721996.40585,896.0,0.48,2721996.40585,560.0,0.37,2721996.40585,779.3333333333334,0.40333333333333327,2721996.40585
2001,11,182.0,714.0,0.32,2721996.40585,2179348.4017928573,58.24,602.0,0.29,2721996.40585,840.0,0.44000000000000006,2721996.40585,896.0,0.48,2721996.40585,718.6666666666666,0.3499999999999999,2721996.40585
2001,12,1050.0,924.0,0.1,2721996.40585,2179348.4017928573,105.0,714.0,0.32,2721996.40585,602.0,0.29,2721996.40585,840.0,0.44000000000000006,2721996.40585,746.6666666666666,0.23666666666666658,2721996.40585
2002,1,663.0,1066.0,-0.11,1688326.5743230768,1108553.872723077,-72.93,924.0,0.1,2721996.40585,714.0,0.32,2721996.40585,602.0,0.29,2721996.40585,901.3333333333334,0.10333333333333324,2377439.7953410256
2002,2,520.0,416.0,-0.23000000000000004,1688326.5743230768,1108553.872723077,-119.60000000000002,1066.0,-0.11,1688326.5743230768,924.0,0.1,2721996.40585,714.0,0.32,2721996.40585,802.0,-0.08000000000000011,2032883.1848320514
2002,3,702.0,923.0,-0.03,1688326.5743230768,1108553.872723077,-21.06,416.0,-0.23000000000000004,1688326.5743230768,1066.0,-0.11,1688326.5743230768,924.0,0.1,2721996.40585,801.6666666666666,-0.12333333333333345,1688326.5743230768
2002,4,247.0,676.0,0.23000000000000004,1688326.5743230768,1108553.872723077,56.81000000000001,923.0,-0.03,1688326.5743230768,416.0,-0.23000000000000004,1688326.5743230768,1066.0,-0.11,1688326.5743230768,671.6666666666666,-0.010000000000000092,1688326.5743230768
2002,5,130.0,598.0,0.48,1688326.5743230768,1108553.872723077,62.4,676.0,0.23000000000000004,1688326.5743230768,923.0,-0.03,1688326.5743230768,416.0,-0.23000000000000004,1688326.5743230768,732.3333333333334,0.22666666666666657,1688326.5743230768
2002,6,182.0,1079.0,0.31,1688326.5743230768,1108553.872723077,56.42,598.0,0.48,1688326.5743230768,676.0,0.23000000000000004,1688326.5743230768,923.0,-0.03,1688326.5743230768,784.3333333333334,0.3399999999999999,1688326.5743230768
2002,7,130.0,481.0,0.21999999999999997,1688326.574323077,1108553.872723077,28.599999999999998,1079.0,0.31,1688326.5743230768,598.0,0.48,1688326.5743230768,676.0,0.23000000000000004,1688326.5743230768,719.3333333333334,0.3366666666666665,1688326.5743230768
2002,8,65.0,520.0,0.22,1688326.574323077,1108553.872723077,14.3,481.0,0.21999999999999997,1688326.574323077,1079.0,0.31,1688326.5743230768,598.0,0.48,1688326.5743230768,693.3333333333334,0.2499999999999999,1688326.5743230768
2002,9,169.0,767.0,0.24,1688326.574323077,1108553.872723077,40.559999999999995,520.0,0.22,1688326.574323077,481.0,0.21999999999999997,1688326.574323077,1079.0,0.31,1688326.5743230768,589.3333333333334,0.22666666666666654,1688326.574323077
2002,10,117.0,1144.0,0.39,1688326.574323077,1108553.872723077,45.63,767.0,0.24,1688326.574323077,520.0,0.22,1688326.574323077,481.0,0.21999999999999997,1688326.574323077,810.3333333333334,0.2833333333333332,1688326.574323077
2002,11,299.0,884.0,0.17000000000000004,1688326.5743230768,1108553.872723077,50.83000000000001,1144.0,0.39,1688326.574323077,767.0,0.24,1688326.574323077,520.0,0.22,1688326.574323077,931.6666666666666,0.26666666666666655,1688326.5743230768
2002,12,546.0,793.0,0.47,1688326.5743230768,1108553.872723077,256.62,884.0,0.17000000000000004,1688326.5743230768,1144.0,0.39,1688326.574323077,767.0,0.24,1688326.574323077,940.3333333333334,0.34333333333333327,1688326.5743230768
2003,1,616.0,1190.0,0.48,2537245.66865,2013883.9730142858,295.68,793.0,0.47,1688326.5743230768,884.0,0.17000000000000004,1688326.5743230768,1144.0,0.39,1688326.574323077,955.6666666666666,0.37333333333333324,1971299.6057653844
2003,2,2562.0,1078.0,0.6600000000000001,2537245.66865,2013883.9730142858,1690.9200000000003,1190.0,0.48,2537245.66865,793.0,0.47,1688326.5743230768,884.0,0.17000000000000004,1688326.5743230768,1020.3333333333334,0.5366666666666666,2254272.637207692
2003,3,574.0,994.0,0.54,2537245.66865,2013883.973014286,309.96000000000004,1078.0,0.6600000000000001,2537245.66865,1190.0,0.48,2537245.66865,793.0,0.47,1688326.5743230768,1087.3333333333333,0.5599999999999999,2537245.66865
2003,4,420.0,1470.0,0.42,2537245.66865,2013883.9730142858,176.4,994.0,0.54,2537245.66865,1078.0,0.6600000000000001,2537245.66865,1190.0,0.48,2537245.66865,1180.6666666666667,0.5399999999999999,2537245.66865
2003,5,252.0,1288.0,0.65,2537245.6686500004,2013883.9730142858,163.8,1470.0,0.42,2537245.66865,994.0,0.54,2537245.66865,1078.0,0.6600000000000001,2537245.66865,1250.6666666666667,0.5366666666666665,2537245.66865
2003,6,630.0,882.0,0.28,2537245.66865,2013883.9730142858,176.4,1288.0,0.65,2537245.6686500004,1470.0,0.42,2537245.66865,994.0,0.54,2537245.66865,1213.3333333333333,0.4499999999999999,2537245.66865
2003,7,154.0,770.0,0.3,2537245.66865,2013883.9730142858,46.199999999999996,882.0,0.28,2537245.66865,1288.0,0.65,2537245.6686500004,1470.0,0.42,2537245.66865,980.0,0.4099999999999999,2537245.66865
2003,8,42.0,1190.0,0.54,2537245.66865,2013883.9730142858,22.68,770.0,0.3,2537245.66865,882.0,0.28,2537245.66865,1288.0,0.65,2537245.6686500004,947.3333333333334,0.37333333333333324,2537245.66865
2003,9,28.0,1190.0,0.51,2537245.6686500004,2013883.9730142858,14.280000000000001,1190.0,0.54,2537245.66865,770.0,0.3,2537245.66865,882.0,0.28,2537245.66865,1050.0,0.4499999999999999,2537245.66865
2003,10,42.0,1092.0,0.54,2537245.66865,2013883.9730142858,22.68,1190.0,0.51,2537245.6686500004,1190.0,0.54,2537245.66865,770.0,0.3,2537245.66865,1157.3333333333333,0.5299999999999999,2537245.66865
2003,11,518.0,994.0,0.6,2537245.66865,2013883.9730142858,310.8,1092.0,0.54,2537245.66865,1190.0,0.51,2537245.6686500004,1190.0,0.54,2537245.66865,1092.0,0.5499999999999998,2537245.66865
2003,12,518.0,1008.0,0.16,2537245.66865,2013883.9730142858,82.88,994.0,0.6,2537245.66865,1092.0,0.54,2537245.66865,1190.0,0.51,2537245.6686500004,1031.3333333333333,0.4333333333333332,2537245.66865
2004,1,1066.0,1209.0,0.26,860938.0852230769,398057.1326153846,277.16,1008.0,0.16,2537245.66865,994.0,0.6,2537245.66865,1092.0,0.54,2537245.66865,1070.3333333333333,0.33999999999999986,1978476.4741743589
2004,2,1690.0,845.0,0.1,860938.0852230769,398057.1326153846,169.0,1209.0,0.26,860938.0852230769,1008.0,0.16,2537245.66865,994.0,0.6,2537245.66865,1020.6666666666666,0.1733333333333332,1419707.2796987176
2004,3,637.0,1131.0,0.51,860938.085223077,398057.13261538465,324.87,845.0,0.1,860938.0852230769,1209.0,0.26,860938.0852230769,1008.0,0.16,2537245.66865,1061.6666666666667,0.28999999999999987,860938.0852230769
2004,4,754.0,1612.0,0.56,860938.085223077,398057.1326153846,422.24000000000007,1131.0,0.51,860938.085223077,845.0,0.1,860938.0852230769,1209.0,0.26,860938.0852230769,1196.0,0.38999999999999985,860938.0852230769
2004,5,364.0,1469.0,0.85,860938.085223077,398057.1326153846,309.4,1612.0,0.56,860938.085223077,1131.0,0.51,860938.085223077,845.0,0.1,860938.0852230769,1404.0,0.6399999999999998,860938.085223077
2004,6,416.0,1196.0,0.78,860938.0852230769,398057.13261538465,324.48,1469.0,0.85,860938.085223077,1612.0,0.56,860938.085223077,1131.0,0.51,860938.085223077,1425.6666666666667,0.7299999999999999,860938.085223077
2004,7,299.0,1469.0,0.46,860938.085223077,398057.13261538465,137.54,1196.0,0.78,860938.0852230769,1469.0,0.85,860938.085223077,1612.0,0.56,860938.085223077,1378.0,0.6966666666666667,860938.0852230769
2004,8,130.0,1157.0,0.4,860938.085223077,398057.13261538465,52.0,1469.0,0.46,860938.085223077,1196.0,0.78,860938.0852230769,1469.0,0.85,860938.085223077,1274.0,0.5466666666666665,860938.085223077
2004,9,208.0,1651.0,0.38,860938.0852230769,398057.13261538465,79.04,1157.0,0.4,860938.085223077,1469.0,0.46,860938.085223077,1196.0,0.78,860938.0852230769,1425.6666666666667,0.41333333333333316,860938.085223077
2004,10,247.0,1300.0,0.54,860938.0852230769,398057.1326153846,133.38,1651.0,0.38,860938.0852230769,1157.0,0.4,860938.085223077,1469.0,0.46,860938.085223077,1369.3333333333333,0.4399999999999999,860938.0852230769
2004,11,624.0,1326.0,0.31,860938.0852230769,398057.13261538465,193.44,1300.0,0.54,860938.0852230769,1651.0,0.38,860938.0852230769,1157.0,0.4,860938.085223077,1425.6666666666667,0.40999999999999986,860938.0852230769
2004,12,897.0,780.0,0.18,860938.0852230769,398057.13261538465,161.46,1326.0,0.31,860938.0852230769,1300.0,0.54,860938.0852230769,1651.0,0.38,860938.0852230769,1135.3333333333333,0.3433333333333332,860938.0852230769
2005,1,1190.0,1862.0,0.52,1565365.7138357144,1112498.3244857143,618.8000000000001,780.0,0.18,860938.0852230769,1326.0,0.31,860938.0852230769,1300.0,0.54,860938.0852230769,1322.6666666666667,0.3366666666666665,1095747.2947606228
2005,2,1512.0,966.0,0.49000000000000005,1565365.7138357144,1112498.324485714,740.8800000000001,1862.0,0.52,1565365.7138357144,780.0,0.18,860938.0852230769,1326.0,0.31,860938.0852230769,1202.6666666666667,0.3966666666666665,1330556.5042981685
2005,3,364.0,1316.0,0.3,1565365.7138357144,1112498.3244857143,109.2,966.0,0.49000000000000005,1565365.7138357144,1862.0,0.52,1565365.7138357144,780.0,0.18,860938.0852230769,1381.3333333333333,0.43666666666666654,1565365.7138357144
2005,4,308.0,1470.0,0.38,1565365.7138357142,1112498.3244857143,117.04,1316.0,0.3,1565365.7138357144,966.0,0.49000000000000005,1565365.7138357144,1862.0,0.52,1565365.7138357144,1250.6666666666667,0.38999999999999985,1565365.7138357144
2005,5,280.0,1778.0,0.43,1565365.7138357142,1112498.3244857143,120.39999999999999,1470.0,0.38,1565365.7138357142,1316.0,0.3,1565365.7138357144,966.0,0.49000000000000005,1565365.7138357144,1521.3333333333333,0.3699999999999999,1565365.7138357144
2005,6,280.0,1274.0,0.36,1565365.7138357144,1112498.3244857143,100.8,1778.0,0.43,1565365.7138357142,1470.0,0.38,1565365.7138357142,1316.0,0.3,1565365.7138357144,1507.3333333333333,0.38999999999999985,1565365.7138357144
2005,7,168.0,1148.0,0.06,1565365.7138357144,1112498.3244857143,10.08,1274.0,0.36,1565365.7138357144,1778.0,0.43,1565365.7138357142,1470.0,0.38,1565365.7138357142,1400.0,0.28333333333333316,1565365.7138357144
2005,8,294.0,1764.0,0.12,1565365.7138357142,1112498.3244857143,35.28,1148.0,0.06,1565365.7138357144,1274.0,0.36,1565365.7138357144,1778.0,0.43,1565365.7138357142,1395.3333333333333,0.17999999999999985,1565365.7138357144
2005,9,84.0,1890.0,0.27,1565365.7138357144,1112498.3244857143,22.68,1764.0,0.12,1565365.7138357142,1148.0,0.06,1565365.7138357144,1274.0,0.36,1565365.7138357144,1600.6666666666667,0.14999999999999986,1565365.7138357144
2005,10,336.0,1414.0,-0.15,1565365.7138357142,1112498.3244857143,-50.4,1890.0,0.27,1565365.7138357144,1764.0,0.12,1565365.7138357142,1148.0,0.06,1565365.7138357144,1689.3333333333333,0.07999999999999986,1565365.7138357144
2005,11,266.0,1764.0,-0.11,1565365.7138357144,1112498.3244857143,-29.26,1414.0,-0.15,1565365.7138357142,1890.0,0.27,1565365.7138357144,1764.0,0.12,1565365.7138357142,1689.3333333333333,0.003333333333333193,1565365.7138357144
2005,12,770.0,1974.0,-0.15,1565365.7138357144,1112498.3244857143,-115.5,1764.0,-0.11,1565365.7138357144,1414.0,-0.15,1565365.7138357142,1890.0,0.27,1565365.7138357144,1717.3333333333333,-0.13666666666666683,1565365.7138357144
2006,1,1131.0,2132.0,0.060000000000000005,1578939.1315923077,693184.9235307692,67.86,1974.0,-0.15,1565365.7138357144,1764.0,-0.11,1565365.7138357144,1414.0,-0.15,1565365.7138357142,1956.6666666666667,-0.0666666666666668,1569890.1864212453
2006,2,1105.0,1651.0,-0.04,1578939.1315923077,693184.9235307693,-44.2,2132.0,0.060000000000000005,1578939.1315923077,1974.0,-0.15,1565365.7138357144,1764.0,-0.11,1565365.7138357144,1919.0,-0.04333333333333348,1574414.6590067765
2006,3,468.0,1404.0,-0.02,1578939.1315923077,693184.9235307692,-9.36,1651.0,-0.04,1578939.1315923077,2132.0,0.060000000000000005,1578939.1315923077,1974.0,-0.15,1565365.7138357144,1729.0,-1.5149918356864114e-16,1578939.1315923077
2006,4,663.0,2275.0,0.26,1578939.1315923077,693184.9235307693,172.38,1404.0,-0.02,1578939.1315923077,1651.0,-0.04,1578939.1315923077,2132.0,0.060000000000000005,1578939.1315923077,1776.6666666666667,0.06666666666666653,1578939.1315923077
2006,5,234.0,1365.0,0.28,1578939.1315923077,693184.9235307693,65.52000000000001,2275.0,0.26,1578939.1315923077,1404.0,-0.02,1578939.1315923077,1651.0,-0.04,1578939.1315923077,1681.3333333333333,0.1733333333333332,1578939.1315923077
2006,6,286.0,1482.0,0.36,1578939.1315923077,693184.9235307692,102.96,1365.0,0.28,1578939.1315923077,2275.0,0.26,1578939.1315923077,1404.0,-0.02,1578939.1315923077,1707.3333333333333,0.2999999999999999,1578939.1315923077
2006,7,403.0,1287.0,0.76,1578939.1315923077,693184.9235307693,306.28000000000003,1482.0,0.36,1578939.1315923077,1365.0,0.28,1578939.1315923077,2275.0,0.26,1578939.1315923077,1378.0,0.4666666666666665,1578939.1315923077
2006,8,156.0,2171.0,0.5,1578939.1315923075,693184.9235307693,78.0,1287.0,0.76,1578939.1315923077,1482.0,0.36,1578939.1315923077,1365.0,0.28,1578939.1315923077,1646.6666666666667,0.5399999999999999,1578939.1315923075
2006,9,104.0,2574.0,0.63,1578939.1315923077,693184.9235307693,65.52,2171.0,0.5,1578939.1315923075,1287.0,0.76,1578939.1315923077,1482.0,0.36,1578939.1315923077,2010.6666666666667,0.6299999999999999,1578939.1315923075
2006,10,416.0,2301.0,0.76,1578939.1315923077,693184.9235307693,316.16,2574.0,0.63,1578939.1315923077,2171.0,0.5,1578939.1315923075,1287.0,0.76,1578939.1315923077,2348.6666666666665,0.6299999999999998,1578939.1315923075
2006,11,429.0,1820.0,0.61,1578939.1315923077,693184.9235307693,261.69,2301.0,0.76,1578939.1315923077,2574.0,0.63,1578939.1315923077,2171.0,0.5,1578939.1315923075,2231.6666666666665,0.6666666666666665,1578939.1315923077
2006,12,1352.0,2054.0,0.4,1578939.1315923077,693184.9235307693,540.8000000000001,1820.0,0.61,1578939.1315923077,2301.0,0.76,1578939.1315923077,2574.0,0.63,1578939.1315923077,2058.3333333333335,0.5899999999999999,1578939.1315923077
2007,1,1862.0,2058.0,0.19,1090274.138115,823723.2081707143,353.78000000000003,2054.0,0.4,1578939.1315923077,1820.0,0.61,1578939.1315923077,2301.0,0.76,1578939.1315923077,1977.3333333333333,0.39999999999999986,1416050.8004332052
2007,2,5474.0,2114.0,0.11,1090274.138115,823723.2081707143,602.14,2058.0,0.19,1090274.138115,2054.0,0.4,1578939.1315923077,1820.0,0.61,1578939.1315923077,2075.3333333333335,0.2333333333333332,1253162.4692741025
2007,3,1344.0,2618.0,0.24,1090274.138115,823723.2081707142,322.56,2114.0,0.11,1090274.138115,2058.0,0.19,1090274.138115,2054.0,0.4,1578939.1315923077,2263.3333333333335,0.17999999999999985,1090274.138115
2007,4,798.0,2604.0,0.17,1090274.138115,823723.2081707143,135.66,2618.0,0.24,1090274.138115,2114.0,0.11,1090274.138115,2058.0,0.19,1090274.138115,2445.3333333333335,0.1733333333333332,1090274.138115
2007,5,588.0,2730.0,0.38,1090274.138115,823723.2081707143,223.44,2604.0,0.17,1090274.138115,2618.0,0.24,1090274.138115,2114.0,0.11,1090274.138115,2650.6666666666665,0.2633333333333332,1090274.138115
2007,6,882.0,3262.0,0.22000000000000003,1090274.138115,823723.2081707142,194.04000000000002,2730.0,0.38,1090274.138115,2604.0,0.17,1090274.138115,2618.0,0.24,1090274.138115,2865.3333333333335,0.25666666666666654,1090274.138115
2007,7,490.0,4298.0,0.22999999999999998,1090274.138115,823723.2081707143,112.69999999999999,3262.0,0.22000000000000003,1090274.138115,2730.0,0.38,1090274.138115,2604.0,0.17,1090274.138115,3430.0,0.27666666666666656,1090274.138115
2007,8,322.0,3934.0,-0.02,1090274.138115,823723.2081707143,-6.44,4298.0,0.22999999999999998,1090274.138115,3262.0,0.22000000000000003,1090274.138115,2730.0,0.38,1090274.138115,3831.3333333333335,0.14333333333333317,1090274.138115
2007,9,322.0,3794.0,0.07,1090274.138115,823723.2081707143,22.540000000000003,3934.0,-0.02,1090274.138115,4298.0,0.22999999999999998,1090274.138115,3262.0,0.22000000000000003,1090274.138115,4008.6666666666665,0.09333333333333317,1090274.138115
2007,10,364.0,2674.0,-0.12,1090274.138115,823723.2081707143,-43.68,3794.0,0.07,1090274.138115,3934.0,-0.02,1090274.138115,4298.0,0.22999999999999998,1090274.138115,3467.3333333333335,-0.02333333333333348,1090274.138115
2007,11,966.0,3178.0,-0.27,1090274.138115,823723.2081707143,-260.82,2674.0,-0.12,1090274.138115,3794.0,0.07,1090274.138115,3934.0,-0.02,1090274.138115,3215.3333333333335,-0.10666666666666681,1090274.138115
2007,12,3276.0,2996.0,-0.27,1090274.138115,823723.2081707143,-884.5200000000001,3178.0,-0.27,1090274.138115,2674.0,-0.12,1090274.138115,3794.0,0.07,1090274.138115,2949.3333333333335,-0.22000000000000017,1090274.138115
2008,1,2795.0,2808.0,-0.36,490613.1706969231,267952.1599115385,-1006.1999999999999,2996.0,-0.27,1090274.138115,3178.0,-0.27,1090274.138115,2674.0,-0.12,1090274.138115,2994.0,-0.30000000000000016,890387.1489756411
2008,2,5603.0,2834.0,-0.3,490613.17069692304,267952.1599115385,-1680.8999999999999,2808.0,-0.36,490613.1706969231,2996.0,-0.27,1090274.138115,3178.0,-0.27,1090274.138115,2879.3333333333335,-0.3100000000000001,690500.159836282
2008,3,793.0,3640.0,-0.27,490613.17069692304,267952.1599115385,-214.11,2834.0,-0.3,490613.17069692304,2808.0,-0.36,490613.1706969231,2996.0,-0.27,1090274.138115,3094.0,-0.3100000000000001,490613.17069692304
2008,4,793.0,3926.0,-0.02,490613.17069692304,267952.1599115385,-15.860000000000001,3640.0,-0.27,490613.17069692304,2834.0,-0.3,490613.17069692304,2808.0,-0.36,490613.1706969231,3466.6666666666665,-0.1966666666666668,490613.17069692304
2008,5,676.0,3315.0,0.19,490613.1706969231,267952.1599115385,128.44,3926.0,-0.02,490613.17069692304,3640.0,-0.27,490613.17069692304,2834.0,-0.3,490613.17069692304,3627.0,-0.033333333333333486,490613.17069692304
2008,6,585.0,2704.0,0.11,490613.17069692304,267952.1599115385,64.35,3315.0,0.19,490613.1706969231,3926.0,-0.02,490613.17069692304,3640.0,-0.27,490613.17069692304,3315.0,0.0933333333333332,490613.17069692304
2008,7,676.0,3887.0,-0.05,490613.17069692304,267952.1599115385,-33.800000000000004,2704.0,0.11,490613.17069692304,3315.0,0.19,490613.1706969231,3926.0,-0.02,490613.17069692304,3302.0,0.08333333333333319,490613.17069692304
2008,8,442.0,3809.0,0.32,490613.17069692304,267952.1599115385,141.44,3887.0,-0.05,490613.17069692304,2704.0,0.11,490613.17069692304,3315.0,0.19,490613.1706969231,3466.6666666666665,0.1266666666666665,490613.17069692304
2008,9,364.0,2665.0,0.31,490613.1706969231,267952.1599115385,112.84,3809.0,0.32,490613.17069692304,3887.0,-0.05,490613.17069692304,2704.0,0.11,490613.17069692304,3453.6666666666665,0.19333333333333322,490613.17069692304
2008,10,403.0,2795.0,0.4,490613.1706969231,267952.1599115385,161.20000000000002,2665.0,0.31,490613.1706969231,3809.0,0.32,490613.17069692304,3887.0,-0.05,490613.17069692304,3089.6666666666665,0.3433333333333332,490613.17069692304
2008,11,3016.0,3614.0,0.32,490613.1706969231,267952.1599115385,965.12,2795.0,0.4,490613.1706969231,2665.0,0.31,490613.1706969231,3809.0,0.32,490613.17069692304,3024.6666666666665,0.3433333333333332,490613.1706969231
2008,12,2938.0,2964.0,0.41999999999999993,490613.17069692304,267952.1599115385,1233.9599999999998,3614.0,0.32,490613.1706969231,2795.0,0.4,490613.1706969231,2665.0,0.31,490613.1706969231,3124.3333333333335,0.37999999999999984,490613.1706969231
2009,1,6804.0,4102.0,0.51,1804130.6176999998,1356407.4617621428,3470.04,2964.0,0.41999999999999993,490613.17069692304,3614.0,0.32,490613.1706969231,2795.0,0.4,490613.1706969231,3560.0,0.4166666666666665,928452.3196979486
2009,2,18396.0,3066.0,0.57,1804130.6177,1356407.4617621428,10485.72,4102.0,0.51,1804130.6176999998,2964.0,0.41999999999999993,490613.17069692304,3614.0,0.32,490613.1706969231,3377.3333333333335,0.49999999999999983,1366291.4686989745
2009,3,1932.0,6356.0,0.54,1804130.6176999998,1356407.4617621428,1043.28,3066.0,0.57,1804130.6177,4102.0,0.51,1804130.6176999998,2964.0,0.41999999999999993,490613.17069692304,4508.0,0.5399999999999999,1804130.6177
2009,4,1680.0,6384.0,0.4,1804130.6176999998,1356407.4617621428,672.0,6356.0,0.54,1804130.6176999998,3066.0,0.57,1804130.6177,4102.0,0.51,1804130.6176999998,5268.666666666667,0.5033333333333332,1804130.6177
2009,5,1442.0,4956.0,0.64,1804130.6176999998,1356407.4617621428,922.88,6384.0,0.4,1804130.6176999998,6356.0,0.54,1804130.6176999998,3066.0,0.57,1804130.6177,5898.666666666667,0.5266666666666665,1804130.6176999998
2009,6,1372.0,5964.0,0.86,1804130.6177,1356407.4617621428,1179.92,4956.0,0.64,1804130.6176999998,6384.0,0.4,1804130.6176999998,6356.0,0.54,1804130.6176999998,5768.0,0.6333333333333332,1804130.6177
2009,7,658.0,6370.0,0.84,1804130.6176999998,1356407.4617621428,552.72,5964.0,0.86,1804130.6177,4956.0,0.64,1804130.6176999998,6384.0,0.4,1804130.6176999998,5763.333333333333,0.7799999999999999,1804130.6177
2009,8,574.0,7784.0,0.95,1804130.6176999998,1356407.4617621428,545.3,6370.0,0.84,1804130.6176999998,5964.0,0.86,1804130.6177,4956.0,0.64,1804130.6176999998,6706.0,0.8833333333333332,1804130.6177
2009,9,490.0,6300.0,1.15,1804130.6176999998,1356407.461762143,563.5,7784.0,0.95,1804130.6176999998,6370.0,0.84,1804130.6176999998,5964.0,0.86,1804130.6177,6818.0,0.9799999999999999,1804130.6176999998
2009,10,644.0,5082.0,0.93,1804130.6176999998,1356407.4617621428,598.9200000000001,6300.0,1.15,1804130.6176999998,7784.0,0.95,1804130.6176999998,6370.0,0.84,1804130.6176999998,6388.666666666667,1.01,1804130.6176999998
2009,11,2016.0,6132.0,0.54,1804130.6177,1356407.4617621428,1088.64,5082.0,0.93,1804130.6176999998,6300.0,1.15,1804130.6176999998,7784.0,0.95,1804130.6176999998,5838.0,0.8733333333333332,1804130.6177
2009,12,3892.0,4998.0,0.72,1804130.6177,1356407.4617621428,2802.24,6132.0,0.54,1804130.6177,5082.0,0.93,1804130.6176999998,6300.0,1.15,1804130.6176999998,5404.0,0.7299999999999999,1804130.6177
2010,1,5733.0,6890.0,0.55,2414194.78453,1183668.8071384614,3153.15,4998.0,0.72,1804130.6177,6132.0,0.54,1804130.6177,5082.0,0.93,1804130.6176999998,6006.666666666667,0.6033333333333332,2007485.3399766665
2010,2,16237.0,5486.0,0.62,2414194.78453,1183668.8071384614,10066.94,6890.0,0.55,2414194.78453,4998.0,0.72,1804130.6177,6132.0,0.54,1804130.6177,5791.333333333333,0.6299999999999998,2210840.062253333
2010,3,3419.0,7592.0,0.29,2414194.7845300003,1183668.8071384614,991.5099999999999,5486.0,0.62,2414194.78453,6890.0,0.55,2414194.78453,4998.0,0.72,1804130.6177,6656.0,0.4866666666666665,2414194.7845300003
2010,4,2483.0,9945.0,0.55,2414194.78453,1183668.8071384614,1365.65,7592.0,0.29,2414194.7845300003,5486.0,0.62,2414194.78453,6890.0,0.55,2414194.78453,7674.333333333333,0.4866666666666665,2414194.78453
2010,5,2509.0,8320.0,0.34,2414194.7845300003,1183668.8071384614,853.0600000000001,9945.0,0.55,2414194.78453,7592.0,0.29,2414194.7845300003,5486.0,0.62,2414194.78453,8619.0,0.39333333333333326,2414194.7845300003
2010,6,1872.0,5980.0,-0.02,2414194.78453,1183668.8071384616,-37.44,8320.0,0.34,2414194.7845300003,9945.0,0.55,2414194.78453,7592.0,0.29,2414194.7845300003,8081.666666666667,0.28999999999999987,2414194.7845300003
2010,7,1287.0,7514.0,-0.2,2414194.7845300003,1183668.8071384616,-257.40000000000003,5980.0,-0.02,2414194.78453,8320.0,0.34,2414194.7845300003,9945.0,0.55,2414194.78453,7271.333333333333,0.03999999999999986,2414194.7845300003
2010,8,845.0,8346.0,-0.18,2414194.78453,1183668.8071384616,-152.1,7514.0,-0.2,2414194.7845300003,5980.0,-0.02,2414194.78453,8320.0,0.34,2414194.7845300003,7280.0,-0.1333333333333335,2414194.78453
2010,9,520.0,6240.0,-0.24000000000000002,2414194.78453,1183668.8071384616,-124.80000000000001,8346.0,-0.18,2414194.78453,7514.0,-0.2,2414194.7845300003,5980.0,-0.02,2414194.78453,7366.666666666667,-0.2066666666666668,2414194.78453
2010,10,663.0,7761.0,-0.35,2414194.7845300003,1183668.8071384616,-232.04999999999998,6240.0,-0.24000000000000002,2414194.78453,8346.0,-0.18,2414194.78453,7514.0,-0.2,2414194.7845300003,7449.0,-0.2566666666666668,2414194.7845300003
2010,11,2158.0,6747.0,-0.45999999999999996,2414194.78453,1183668.8071384616,-992.68,7761.0,-0.35,2414194.7845300003,6240.0,-0.24000000000000002,2414194.78453,8346.0,-0.18,2414194.78453,6916.0,-0.3500000000000001,2414194.7845300003
2010,12,3744.0,6396.0,-0.68,2414194.78453,1183668.8071384616,-2545.92,6747.0,-0.45999999999999996,2414194.78453,7761.0,-0.35,2414194.7845300003,6240.0,-0.24000000000000002,2414194.78453,6968.0,-0.4966666666666668,2414194.7845300003
2011,1,10486.0,9870.0,-0.64,2189555.2367985714,1312138.2667957144,-6711.04,6396.0,-0.68,2414194.78453,6747.0,-0.45999999999999996,2414194.78453,7761.0,-0.35,2414194.7845300003,7671.0,-0.5933333333333336,2339314.9352861904
2011,2,31024.0,8722.0,-0.64,2189555.2367985714,1312138.2667957144,-19855.36,9870.0,-0.64,2189555.2367985714,6396.0,-0.68,2414194.78453,6747.0,-0.45999999999999996,2414194.78453,8329.333333333334,-0.6533333333333335,2264435.0860423814
2011,3,3836.0,9702.0,-0.32000000000000006,2189555.2367985714,1312138.2667957144,-1227.5200000000002,8722.0,-0.64,2189555.2367985714,9870.0,-0.64,2189555.2367985714,6396.0,-0.68,2414194.78453,9431.333333333334,-0.5333333333333335,2189555.2367985714
2011,4,3136.0,11718.0,-0.12,2189555.2367985714,1312138.2667957144,-376.32,9702.0,-0.32000000000000006,2189555.2367985714,8722.0,-0.64,2189555.2367985714,9870.0,-0.64,2189555.2367985714,10047.333333333334,-0.36000000000000015,2189555.2367985714
2011,5,3318.0,9324.0,0.08,2189555.2367985714,1312138.2667957144,265.44,11718.0,-0.12,2189555.2367985714,9702.0,-0.32000000000000006,2189555.2367985714,8722.0,-0.64,2189555.2367985714,10248.0,-0.12000000000000016,2189555.2367985714
2011,6,2604.0,10066.0,-0.22,2189555.2367985714,1312138.2667957144,-572.88,9324.0,0.08,2189555.2367985714,11718.0,-0.12,2189555.2367985714,9702.0,-0.32000000000000006,2189555.2367985714,10369.333333333334,-0.08666666666666682,2189555.2367985714
2011,7,1442.0,9184.0,-0.28,2189555.2367985714,1312138.2667957144,-403.76000000000005,10066.0,-0.22,2189555.2367985714,9324.0,0.08,2189555.2367985714,11718.0,-0.12,2189555.2367985714,9524.666666666666,-0.14000000000000015,2189555.2367985714
2011,8,840.0,10388.0,-0.2,2189555.2367985714,1312138.2667957144,-168.0,9184.0,-0.28,2189555.2367985714,10066.0,-0.22,2189555.2367985714,9324.0,0.08,2189555.2367985714,9879.333333333334,-0.23333333333333348,2189555.2367985714
2011,9,728.0,8498.0,0.18,2189555.2367985714,1312138.2667957144,131.04,10388.0,-0.2,2189555.2367985714,9184.0,-0.28,2189555.2367985714,10066.0,-0.22,2189555.2367985714,9356.666666666666,-0.10000000000000016,2189555.2367985714
2011,10,1554.0,8624.0,0.09,2189555.2367985714,1312138.2667957142,139.85999999999999,8498.0,0.18,2189555.2367985714,10388.0,-0.2,2189555.2367985714,9184.0,-0.28,2189555.2367985714,9170.0,0.02333333333333318,2189555.2367985714
2011,11,3262.0,7868.0,-0.06,2189555.2367985714,1312138.2667957144,-195.72,8624.0,0.09,2189555.2367985714,8498.0,0.18,2189555.2367985714,10388.0,-0.2,2189555.2367985714,8330.0,0.06999999999999985,2189555.2367985714
2011,12,8428.0,8848.0,-0.33,2189555.2367985714,1312138.2667957144,-2781.2400000000002,7868.0,-0.06,2189555.2367985714,8624.0,0.09,2189555.2367985714,8498.0,0.18,2189555.2367985714,8446.666666666666,-0.10000000000000016,2189555.2367985714
2012,1,10985.0,10660.0,-0.28,586163.3920400001,342179.88646923075,-3075.8,8848.0,-0.33,2189555.2367985714,7868.0,-0.06,2189555.2367985714,8624.0,0.09,2189555.2367985714,9125.333333333334,-0.22333333333333347,1655091.288545714
2012,2,16354.0,8957.0,-0.09,586163.3920400001,342179.88646923075,-1471.86,10660.0,-0.28,586163.3920400001,8848.0,-0.33,2189555.2367985714,7868.0,-0.06,2189555.2367985714,9488.333333333334,-0.2333333333333335,1120627.3402928573
2012,3,6825.0,11505.0,-0.17,586163.3920400001,342179.88646923075,-1160.25,8957.0,-0.09,586163.3920400001,10660.0,-0.28,586163.3920400001,8848.0,-0.33,2189555.2367985714,10374.0,-0.18000000000000016,586163.3920400001
2012,4,6838.0,17212.0,-0.06,586163.39204,342179.88646923075,-410.28,11505.0,-0.17,586163.3920400001,8957.0,-0.09,586163.3920400001,10660.0,-0.28,586163.3920400001,12558.0,-0.1066666666666668,586163.39204
2012,5,4511.0,13143.0,0.27,586163.3920400001,342179.88646923075,1217.97,17212.0,-0.06,586163.39204,11505.0,-0.17,586163.3920400001,8957.0,-0.09,586163.3920400001,13953.333333333334,0.013333333333333206,586163.39204
2012,6,2353.0,10647.0,0.12,586163.3920400001,342179.88646923075,282.36,13143.0,0.27,586163.3920400001,17212.0,-0.06,586163.39204,11505.0,-0.17,586163.3920400001,13667.333333333334,0.10999999999999988,586163.39204
2012,7,2119.0,13130.0,0.19,586163.3920400001,342179.88646923075,402.61,10647.0,0.12,586163.3920400001,13143.0,0.27,586163.3920400001,17212.0,-0.06,586163.39204,12306.666666666666,0.19333333333333322,586163.3920400001
2012,8,1274.0,11076.0,0.19,586163.3920400001,342179.88646923075,242.06,13130.0,0.19,586163.3920400001,10647.0,0.12,586163.3920400001,13143.0,0.27,586163.3920400001,11617.666666666666,0.16666666666666655,586163.3920400001
2012,9,923.0,11869.0,0.32999999999999996,586163.3920400001,342179.88646923075,304.59,11076.0,0.19,586163.3920400001,13130.0,0.19,586163.3920400001,10647.0,0.12,586163.3920400001,12025.0,0.2366666666666665,586163.3920400001
2012,10,1768.0,9971.0,0.64,586163.3920400001,342179.88646923075,1131.52,11869.0,0.32999999999999996,586163.3920400001,11076.0,0.19,586163.3920400001,13130.0,0.19,586163.3920400001,10972.0,0.38666666666666655,586163.3920400001
2012,11,3107.0,9737.0,0.6,586163.3920400001,342179.88646923075,1864.1999999999998,9971.0,0.64,586163.3920400001,11869.0,0.32999999999999996,586163.3920400001,11076.0,0.19,586163.3920400001,10525.666666666666,0.5233333333333332,586163.3920400001
2012,12,6721.0,10296.0,0.74,586163.3920400001,342179.88646923075,4973.54,9737.0,0.6,586163.3920400001,9971.0,0.64,586163.3920400001,11869.0,0.32999999999999996,586163.3920400001,10001.333333333334,0.6599999999999999,586163.3920400001
2013,1,17682.0,13258.0,0.35,1731341.0815328571,1026988.8925285714,6188.7,10296.0,0.74,586163.3920400001,9737.0,0.6,586163.3920400001,9971.0,0.64,586163.3920400001,11097.0,0.5633333333333331,967889.2885376192
2013,2,56056.0,12460.0,0.25,1731341.081532857,1026988.8925285714,14014.0,13258.0,0.35,1731341.0815328571,10296.0,0.74,586163.3920400001,9737.0,0.6,586163.3920400001,12004.666666666666,0.4466666666666665,1349615.185035238
2013,3,12208.0,19194.0,0.2,1731341.0815328571,1026988.8925285714,2441.6,12460.0,0.25,1731341.081532857,13258.0,0.35,1731341.0815328571,10296.0,0.74,586163.3920400001,14970.666666666666,0.26666666666666655,1731341.0815328571
2013,4,5866.0,18284.0,0.5,1731341.0815328571,1026988.8925285714,2933.0,19194.0,0.2,1731341.0815328571,12460.0,0.25,1731341.081532857,13258.0,0.35,1731341.0815328571,16646.0,0.31666666666666654,1731341.0815328571
2013,5,4872.0,14728.0,0.57,1731341.0815328571,1026988.8925285714,2777.04,18284.0,0.5,1731341.0815328571,19194.0,0.2,1731341.0815328571,12460.0,0.25,1731341.081532857,17402.0,0.4233333333333332,1731341.0815328571
2013,6,5866.0,15218.0,0.53,1731341.081532857,1026988.8925285714,3108.98,14728.0,0.57,1731341.0815328571,18284.0,0.5,1731341.0815328571,19194.0,0.2,1731341.0815328571,16076.666666666666,0.5333333333333332,1731341.0815328571
2013,7,2828.0,15330.0,0.45,1731341.0815328571,1026988.8925285714,1272.6000000000001,15218.0,0.53,1731341.081532857,14728.0,0.57,1731341.0815328571,18284.0,0.5,1731341.0815328571,15092.0,0.5166666666666665,1731341.0815328571
2013,8,2114.0,17024.0,0.41,1731341.0815328571,1026988.8925285714,866.7399999999999,15330.0,0.45,1731341.0815328571,15218.0,0.53,1731341.081532857,14728.0,0.57,1731341.0815328571,15857.333333333334,0.4633333333333332,1731341.0815328571
2013,9,1540.0,18354.0,0.28,1731341.0815328571,1026988.8925285714,431.20000000000005,17024.0,0.41,1731341.0815328571,15330.0,0.45,1731341.0815328571,15218.0,0.53,1731341.081532857,16902.666666666668,0.3799999999999999,1731341.0815328571
2013,10,2660.0,20048.0,0.37,1731341.0815328571,1026988.8925285715,984.1999999999999,18354.0,0.28,1731341.0815328571,17024.0,0.41,1731341.0815328571,15330.0,0.45,1731341.0815328571,18475.333333333332,0.3533333333333332,1731341.0815328571
2013,11,7140.0,14014.0,0.42,1731341.0815328571,1026988.8925285714,2998.7999999999997,20048.0,0.37,1731341.0815328571,18354.0,0.28,1731341.0815328571,17024.0,0.41,1731341.0815328571,17472.0,0.3566666666666665,1731341.0815328571
2013,12,13538.0,14588.0,0.37,1731341.0815328571,1026988.8925285714,5009.0599999999995,14014.0,0.42,1731341.0815328571,20048.0,0.37,1731341.0815328571,18354.0,0.28,1731341.0815328571,16216.666666666666,0.38666666666666655,1731341.0815328571
2014,1,19058.0,17134.0,0.54,1951017.198646923,744000.6161461538,10291.320000000002,14588.0,0.37,1731341.0815328571,14014.0,0.42,1731341.0815328571,20048.0,0.37,1731341.0815328571,15245.333333333334,0.4433333333333332,1804566.4539042125
2014,2,29185.0,16471.0,0.8199999999999998,1951017.198646923,744000.6161461538,23931.699999999997,17134.0,0.54,1951017.198646923,14588.0,0.37,1731341.0815328571,14014.0,0.42,1731341.0815328571,16064.333333333334,0.5766666666666665,1877791.8262755678
2014,3,8216.0,19071.0,1.08,1951017.198646923,744000.6161461539,8873.28,16471.0,0.8199999999999998,1951017.198646923,17134.0,0.54,1951017.198646923,14588.0,0.37,1731341.0815328571,17558.666666666668,0.8133333333333331,1951017.198646923
2014,4,8489.0,23543.0,1.0,1951017.198646923,744000.6161461539,8489.0,19071.0,1.08,1951017.198646923,16471.0,0.8199999999999998,1951017.198646923,17134.0,0.54,1951017.198646923,19695.0,0.9666666666666665,1951017.198646923
2014,5,5330.0,21788.0,1.1,1951017.198646923,744000.6161461538,5863.000000000001,23543.0,1.0,1951017.198646923,19071.0,1.08,1951017.198646923,16471.0,0.8199999999999998,1951017.198646923,21467.333333333332,1.0599999999999998,1951017.198646923
2014,6,3978.0,17433.0,1.15,1951017.198646923,744000.6161461539,4574.7,21788.0,1.1,1951017.198646923,23543.0,1.0,1951017.198646923,19071.0,1.08,1951017.198646923,20921.333333333332,1.0833333333333333,1951017.198646923
2014,7,4212.0,21450.0,1.26,1951017.198646923,744000.6161461539,5307.12,17433.0,1.15,1951017.198646923,21788.0,1.1,1951017.198646923,23543.0,1.0,1951017.198646923,20223.666666666668,1.17,1951017.198646923
2014,8,3341.0,24843.0,1.33,1951017.198646923,744000.6161461539,4443.530000000001,21450.0,1.26,1951017.198646923,17433.0,1.15,1951017.198646923,21788.0,1.1,1951017.198646923,21242.0,1.2466666666666664,1951017.198646923
2014,9,2054.0,18031.0,0.8499999999999999,1951017.198646923,744000.6161461539,1745.8999999999996,24843.0,1.33,1951017.198646923,21450.0,1.26,1951017.198646923,17433.0,1.15,1951017.198646923,21441.333333333332,1.1466666666666665,1951017.198646923
2014,10,3016.0,15899.0,0.92,1951017.198646923,744000.6161461538,2774.7200000000003,18031.0,0.8499999999999999,1951017.198646923,24843.0,1.33,1951017.198646923,21450.0,1.26,1951017.198646923,19591.0,1.0333333333333332,1951017.198646923
2014,11,6604.0,15496.0,0.92,1951017.198646923,744000.6161461539,6075.68,15899.0,0.92,1951017.198646923,18031.0,0.8499999999999999,1951017.198646923,24843.0,1.33,1951017.198646923,16475.333333333332,0.8966666666666665,1951017.198646923
2014,12,11193.0,17251.0,0.93,1951017.198646923,744000.6161461539,10409.49,15496.0,0.92,1951017.198646923,15899.0,0.92,1951017.198646923,18031.0,0.8499999999999999,1951017.198646923,16215.333333333334,0.9233333333333332,1951017.198646923
2015,1,24234.0,25312.0,1.16,943654.3787964287,698377.9246357143,28111.44,17251.0,0.93,1951017.198646923,15496.0,0.92,1951017.198646923,15899.0,0.92,1951017.198646923,19353.0,1.0033333333333332,1615229.5920300914
2015,2,32186.0,16674.0,1.3000000000000003,943654.3787964287,698377.9246357143,41841.80000000001,25312.0,1.16,943654.3787964287,17251.0,0.93,1951017.198646923,15496.0,0.92,1951017.198646923,19745.666666666668,1.1300000000000001,1279441.98541326
2015,3,15204.0,25830.0,1.4,943654.3787964286,698377.9246357143,21285.6,16674.0,1.3000000000000003,943654.3787964287,25312.0,1.16,943654.3787964287,17251.0,0.93,1951017.198646923,22605.333333333332,1.2866666666666666,943654.3787964286
2015,4,12096.0,30758.0,1.63,943654.3787964287,698377.9246357144,19716.48,25830.0,1.4,943654.3787964286,16674.0,1.3000000000000003,943654.3787964287,25312.0,1.16,943654.3787964287,24420.666666666668,1.4433333333333334,943654.3787964286
2015,5,8638.0,27944.0,1.5,943654.3787964287,698377.9246357144,12957.0,30758.0,1.63,943654.3787964287,25830.0,1.4,943654.3787964286,16674.0,1.3000000000000003,943654.3787964287,28177.333333333332,1.5099999999999998,943654.3787964286
2015,6,5894.0,25270.0,1.57,943654.3787964286,698377.9246357143,9253.58,27944.0,1.5,943654.3787964287,30758.0,1.63,943654.3787964287,25830.0,1.4,943654.3787964286,27990.666666666668,1.5666666666666664,943654.3787964288
2015,7,5936.0,26796.0,1.42,943654.3787964287,698377.9246357144,8429.119999999999,25270.0,1.57,943654.3787964286,27944.0,1.5,943654.3787964287,30758.0,1.63,943654.3787964287,26670.0,1.4966666666666664,943654.3787964286
2015,8,3766.0,34608.0,1.57,943654.3787964286,698377.9246357143,5912.62,26796.0,1.42,943654.3787964287,25270.0,1.57,943654.3787964286,27944.0,1.5,943654.3787964287,28891.333333333332,1.5199999999999998,943654.3787964286
2015,9,2212.0,28406.0,1.4499999999999997,943654.3787964287,698377.9246357144,3207.3999999999996,34608.0,1.57,943654.3787964286,26796.0,1.42,943654.3787964287,25270.0,1.57,943654.3787964286,29936.666666666668,1.4799999999999998,943654.3787964286
2015,10,4536.0,21728.0,1.79,943654.3787964286,698377.9246357143,8119.4400000000005,28406.0,1.4499999999999997,943654.3787964287,34608.0,1.57,943654.3787964286,26796.0,1.42,943654.3787964287,28247.333333333332,1.6033333333333328,943654.3787964286
2015,11,10906.0,23842.0,1.53,943654.3787964287,698377.9246357144,16686.18,21728.0,1.79,943654.3787964286,28406.0,1.4499999999999997,943654.3787964287,34608.0,1.57,943654.3787964286,24658.666666666668,1.5899999999999999,943654.3787964288
2015,12,14154.0,21042.0,1.56,943654.3787964287,698377.9246357144,22080.24,23842.0,1.53,943654.3787964287,21728.0,1.79,943654.3787964286,28406.0,1.4499999999999997,943654.3787964287,22204.0,1.6266666666666667,943654.3787964286
2016,1,30836.0,30628.0,1.5,537748.5982215385,344252.3515384615,46254.0,21042.0,1.56,943654.3787964287,23842.0,1.53,943654.3787964287,21728.0,1.79,943654.3787964286,25170.666666666668,1.53,808352.4519381319
2016,2,35802.0,24323.0,1.25,537748.5982215385,344252.3515384615,44752.5,30628.0,1.5,537748.5982215385,21042.0,1.56,943654.3787964287,23842.0,1.53,943654.3787964287,25331.0,1.4366666666666665,673050.5250798352
2016,3,11583.0,27898.0,1.19,537748.5982215385,344252.3515384615,13783.769999999999,24323.0,1.25,537748.5982215385,30628.0,1.5,537748.5982215385,21042.0,1.56,943654.3787964287,27616.333333333332,1.3133333333333332,537748.5982215385
2016,4,11778.0,34320.0,1.24,537748.5982215385,344252.3515384615,14604.72,27898.0,1.19,537748.5982215385,24323.0,1.25,537748.5982215385,30628.0,1.5,537748.5982215385,28847.0,1.2266666666666666,537748.5982215385
2016,5,8567.0,28951.0,1.11,537748.5982215385,344252.3515384615,9509.37,34320.0,1.24,537748.5982215385,27898.0,1.19,537748.5982215385,24323.0,1.25,537748.5982215385,30389.666666666668,1.18,537748.5982215385
2016,6,6799.0,27664.0,1.06,537748.5982215384,344252.3515384615,7206.9400000000005,28951.0,1.11,537748.5982215385,34320.0,1.24,537748.5982215385,27898.0,1.19,537748.5982215385,30311.666666666668,1.1366666666666665,537748.5982215385
2016,7,5369.0,30914.0,0.95,537748.5982215384,344252.3515384615,5100.55,27664.0,1.06,537748.5982215384,28951.0,1.11,537748.5982215385,34320.0,1.24,537748.5982215385,29176.333333333332,1.0399999999999998,537748.5982215385
2016,8,3263.0,35672.0,0.78,537748.5982215385,344252.3515384615,2545.14,30914.0,0.95,537748.5982215384,27664.0,1.06,537748.5982215384,28951.0,1.11,537748.5982215385,31416.666666666668,0.93,537748.5982215384
2016,9,3003.0,33956.0,0.69,537748.5982215385,344252.3515384616,2072.0699999999997,35672.0,0.78,537748.5982215385,30914.0,0.95,537748.5982215384,27664.0,1.06,537748.5982215384,33514.0,0.8066666666666665,537748.5982215385
2016,10,5278.0,25467.0,0.8499999999999999,537748.5982215384,344252.3515384615,4486.299999999999,33956.0,0.69,537748.5982215385,35672.0,0.78,537748.5982215385,30914.0,0.95,537748.5982215384,31698.333333333332,0.7733333333333331,537748.5982215385
2016,11,11856.0,24544.0,0.9299999999999999,537748.5982215385,344252.3515384616,11026.08,25467.0,0.8499999999999999,537748.5982215384,33956.0,0.69,537748.5982215385,35672.0,0.78,537748.5982215385,27989.0,0.8233333333333331,537748.5982215385
2016,12,20657.0,26858.0,0.78,537748.5982215385,344252.3515384615,16112.460000000001,24544.0,0.9299999999999999,537748.5982215385,25467.0,0.8499999999999999,537748.5982215384,33956.0,0.69,537748.5982215385,25623.0,0.8533333333333332,537748.5982215385
2017,1,35854.0,33138.0,0.75,618113.3108614286,501944.71325785713,26890.5,26858.0,0.78,537748.5982215385,24544.0,0.9299999999999999,537748.5982215385,25467.0,0.8499999999999999,537748.5982215384,28180.0,0.8199999999999998,564536.8357681686
2017,2,40264.0,29092.0,0.71,618113.3108614285,501944.71325785713,28587.44,33138.0,0.75,618113.3108614286,26858.0,0.78,537748.5982215385,24544.0,0.9299999999999999,537748.5982215385,29696.0,0.7466666666666665,591325.0733147985
2017,3,21420.0,32900.0,1.05,618113.3108614285,501944.71325785713,22491.0,29092.0,0.71,618113.3108614285,33138.0,0.75,618113.3108614286,26858.0,0.78,537748.5982215385,31710.0,0.8366666666666666,618113.3108614285
2017,4,17080.0,46648.0,0.86,618113.3108614286,501944.71325785713,14688.8,32900.0,1.05,618113.3108614285,29092.0,0.71,618113.3108614285,33138.0,0.75,618113.3108614286,36213.333333333336,0.8733333333333332,618113.3108614286
2017,5,11480.0,33600.0,0.68,618113.3108614285,501944.71325785713,7806.400000000001,46648.0,0.86,618113.3108614286,32900.0,1.05,618113.3108614285,29092.0,0.71,618113.3108614285,37716.0,0.8633333333333333,618113.3108614286
2017,6,8316.0,31920.0,0.47,618113.3108614286,501944.71325785713,3908.52,33600.0,0.68,618113.3108614285,46648.0,0.86,618113.3108614286,32900.0,1.05,618113.3108614285,37389.333333333336,0.6699999999999999,618113.3108614286
2017,7,5544.0,39620.0,0.76,618113.3108614285,501944.7132578571,4213.44,31920.0,0.47,618113.3108614286,33600.0,0.68,618113.3108614285,46648.0,0.86,618113.3108614286,35046.666666666664,0.6366666666666666,618113.3108614285
2017,8,3542.0,39004.0,0.78,618113.3108614286,501944.71325785713,2762.76,39620.0,0.76,618113.3108614285,31920.0,0.47,618113.3108614286,33600.0,0.68,618113.3108614285,36848.0,0.6699999999999999,618113.3108614286
2017,9,3332.0,38122.0,0.54,618113.3108614285,501944.71325785713,1799.2800000000002,39004.0,0.78,618113.3108614286,39620.0,0.76,618113.3108614285,31920.0,0.47,618113.3108614286,38915.333333333336,0.6933333333333332,618113.3108614286
2017,10,5390.0,30968.0,0.81,618113.3108614286,501944.71325785713,4365.900000000001,38122.0,0.54,618113.3108614285,39004.0,0.78,618113.3108614286,39620.0,0.76,618113.3108614285,36031.333333333336,0.71,618113.3108614286
2017,11,12334.0,32452.0,1.16,618113.3108614286,501944.71325785713,14307.439999999999,30968.0,0.81,618113.3108614286,38122.0,0.54,618113.3108614285,39004.0,0.78,618113.3108614286,33847.333333333336,0.8366666666666666,618113.3108614286
2017,12,25970.0,33964.0,0.98,618113.3108614285,501944.71325785713,25450.6,32452.0,1.16,618113.3108614286,30968.0,0.81,618113.3108614286,38122.0,0.54,618113.3108614285,32461.333333333332,0.9833333333333331,618113.3108614286
2018,1,35724.0,42237.0,0.92,1139504.2005884617,522905.0139323077,32866.08,33964.0,0.98,618113.3108614285,32452.0,1.16,618113.3108614286,30968.0,0.81,618113.3108614286,36217.666666666664,1.0199999999999998,791910.274103773
2018,2,44915.0,34918.0,0.88,1139504.2005884615,522905.0139323077,39525.2,42237.0,0.92,1139504.2005884617,33964.0,0.98,618113.3108614285,32452.0,1.16,618113.3108614286,37039.666666666664,0.9266666666666664,965707.2373461173
2018,3,21606.0,39104.0,0.9100000000000001,1139504.2005884615,522905.0139323077,19661.460000000003,34918.0,0.88,1139504.2005884615,42237.0,0.92,1139504.2005884617,33964.0,0.98,618113.3108614285,38753.0,0.9033333333333333,1139504.2005884617
2018,4,16367.0,45487.0,1.12,1139504.2005884615,522905.0139323077,18331.04,39104.0,0.9100000000000001,1139504.2005884615,34918.0,0.88,1139504.2005884615,42237.0,0.92,1139504.2005884617,39836.333333333336,0.9700000000000001,1139504.2005884615
2018,5,12792.0,45708.0,0.95,1139504.2005884617,522905.0139323077,12152.4,45487.0,1.12,1139504.2005884615,39104.0,0.9100000000000001,1139504.2005884615,34918.0,0.88,1139504.2005884615,43433.0,0.9933333333333333,1139504.2005884617
2018,6,11362.0,42081.0,0.83,1139504.2005884615,522905.0139323077,9430.46,45708.0,0.95,1139504.2005884617,45487.0,1.12,1139504.2005884615,39104.0,0.9100000000000001,1139504.2005884615,44425.333333333336,0.9666666666666665,1139504.2005884617
2018,7,6734.0,37297.0,0.94,1139504.2005884615,522905.0139323077,6329.96,42081.0,0.83,1139504.2005884615,45708.0,0.95,1139504.2005884617,45487.0,1.12,1139504.2005884615,41695.333333333336,0.9066666666666664,1139504.2005884617
2018,8,5694.0,43121.0,0.69,1139504.2005884615,522905.01393230766,3928.8599999999997,37297.0,0.94,1139504.2005884615,42081.0,0.83,1139504.2005884615,45708.0,0.95,1139504.2005884617,40833.0,0.8199999999999998,1139504.2005884615
2018,9,5317.0,45357.0,0.97,1139504.2005884615,522905.01393230766,5157.49,43121.0,0.69,1139504.2005884615,37297.0,0.94,1139504.2005884615,42081.0,0.83,1139504.2005884615,41925.0,0.8666666666666664,1139504.2005884615
2018,10,7644.0,28561.0,0.73,1139504.2005884617,522905.0139323077,5580.12,45357.0,0.97,1139504.2005884615,43121.0,0.69,1139504.2005884615,37297.0,0.94,1139504.2005884615,39013.0,0.7966666666666664,1139504.2005884615
2018,11,12545.0,30303.0,0.69,1139504.2005884617,522905.01393230766,8656.05,28561.0,0.73,1139504.2005884617,45357.0,0.97,1139504.2005884615,43121.0,0.69,1139504.2005884615,34740.333333333336,0.7966666666666664,1139504.2005884617
2018,12,26208.0,34255.0,0.8899999999999999,1139504.2005884617,522905.01393230766,23325.12,30303.0,0.69,1139504.2005884617,28561.0,0.73,1139504.2005884617,45357.0,0.97,1139504.2005884615,31039.666666666668,0.7699999999999999,1139504.2005884617
2019,1,46284.0,48636.0,0.84,854950.0067514286,739844.4517642856,38878.56,34255.0,0.8899999999999999,1139504.2005884617,30303.0,0.69,1139504.2005884617,28561.0,0.73,1139504.2005884617,37731.333333333336,0.8066666666666665,1044652.8026427841
2019,2,31192.0,30226.0,0.85,854950.0067514286,739844.4517642857,26513.2,48636.0,0.84,854950.0067514286,34255.0,0.8899999999999999,1139504.2005884617,30303.0,0.69,1139504.2005884617,37705.666666666664,0.8599999999999999,949801.4046971062
2019,3,32676.0,45976.0,0.84,854950.0067514286,739844.4517642858,27447.84,30226.0,0.85,854950.0067514286,48636.0,0.84,854950.0067514286,34255.0,0.8899999999999999,1139504.2005884617,41612.666666666664,0.8433333333333332,854950.0067514286
2019,4,25074.0,53928.0,0.8699999999999999,854950.0067514286,739844.4517642857,21814.379999999997,45976.0,0.84,854950.0067514286,30226.0,0.85,854950.0067514286,48636.0,0.84,854950.0067514286,43376.666666666664,0.8533333333333332,854950.0067514286
2019,5,20748.0,44408.0,0.74,854950.0067514286,739844.4517642857,15353.52,53928.0,0.8699999999999999,854950.0067514286,45976.0,0.84,854950.0067514286,30226.0,0.85,854950.0067514286,48104.0,0.8166666666666664,854950.0067514286
2019,6,15876.0,45990.0,0.66,854950.0067514286,739844.4517642857,10478.16,44408.0,0.74,854950.0067514286,53928.0,0.8699999999999999,854950.0067514286,45976.0,0.84,854950.0067514286,48108.666666666664,0.7566666666666665,854950.0067514286
2019,7,8162.0,47670.0,0.77,854950.0067514286,739844.4517642857,6284.74,45990.0,0.66,854950.0067514286,44408.0,0.74,854950.0067514286,53928.0,0.8699999999999999,854950.0067514286,46022.666666666664,0.7233333333333332,854950.0067514286
2019,8,5992.0,49392.0,0.74,854950.0067514286,739844.4517642857,4434.08,47670.0,0.77,854950.0067514286,45990.0,0.66,854950.0067514286,44408.0,0.74,854950.0067514286,47684.0,0.7233333333333332,854950.0067514286
2019,9,6034.0,47460.0,0.79,854950.0067514286,739844.4517642857,4766.860000000001,49392.0,0.74,854950.0067514286,47670.0,0.77,854950.0067514286,45990.0,0.66,854950.0067514286,48174.0,0.7666666666666665,854950.0067514286
2019,10,9534.0,43442.0,0.54,854950.0067514286,739844.4517642857,5148.360000000001,47460.0,0.79,854950.0067514286,49392.0,0.74,854950.0067514286,47670.0,0.77,854950.0067514286,46764.666666666664,0.6899999999999998,854950.0067514286
2019,11,23268.0,39550.0,0.73,854950.0067514286,739844.4517642857,16985.64,43442.0,0.54,854950.0067514286,47460.0,0.79,854950.0067514286,49392.0,0.74,854950.0067514286,43484.0,0.6866666666666665,854950.0067514286
2019,12,31542.0,37562.0,0.84,854950.0067514287,739844.4517642858,26495.28,39550.0,0.73,854950.0067514286,43442.0,0.54,854950.0067514286,47460.0,0.79,854950.0067514286,40184.666666666664,0.7033333333333331,854950.0067514287
2020,1,62036.0,51311.0,0.76,284486.7129730769,215861.60912461538,47147.36,37562.0,0.84,854950.0067514287,39550.0,0.73,854950.0067514286,43442.0,0.54,854950.0067514286,42807.666666666664,0.7766666666666665,664795.5754919781
2020,2,87347.0,41171.0,0.68,284486.7129730769,215861.60912461538,59395.96000000001,51311.0,0.76,284486.7129730769,37562.0,0.84,854950.0067514287,39550.0,0.73,854950.0067514286,43348.0,0.7599999999999999,474641.1442325275
2020,3,34541.0,36868.0,0.8399999999999999,284486.7129730769,215861.60912461538,29014.439999999995,41171.0,0.68,284486.7129730769,51311.0,0.76,284486.7129730769,37562.0,0.84,854950.0067514287,43116.666666666664,0.7599999999999998,284486.7129730769
2020,4,18525.0,40768.0,0.9,284486.7129730769,215861.60912461538,16672.5,36868.0,0.8399999999999999,284486.7129730769,41171.0,0.68,284486.7129730769,51311.0,0.76,284486.7129730769,39602.333333333336,0.8066666666666665,284486.7129730769
2020,5,17823.0,52455.0,1.04,284486.71297307697,215861.60912461538,18535.920000000002,40768.0,0.9,284486.7129730769,36868.0,0.8399999999999999,284486.7129730769,41171.0,0.68,284486.7129730769,43363.666666666664,0.9266666666666664,284486.7129730769
2020,6,14404.0,53716.0,0.8499999999999999,284486.71297307697,215861.60912461538,12243.399999999998,52455.0,1.04,284486.71297307697,40768.0,0.9,284486.7129730769,36868.0,0.8399999999999999,284486.7129730769,48979.666666666664,0.9299999999999997,284486.71297307697
2020,7,12012.0,58942.0,0.77,284486.7129730769,215861.60912461538,9249.24,53716.0,0.8499999999999999,284486.71297307697,52455.0,1.04,284486.71297307697,40768.0,0.9,284486.7129730769,55037.666666666664,0.8866666666666664,284486.7129730769
2020,8,7735.0,59176.0,0.8399999999999999,284486.7129730769,215861.60912461538,6497.399999999999,58942.0,0.77,284486.7129730769,53716.0,0.8499999999999999,284486.71297307697,52455.0,1.04,284486.71297307697,57278.0,0.8199999999999997,284486.7129730769
2020,9,4576.0,46540.0,0.81,284486.7129730769,215861.60912461538,3706.5600000000004,59176.0,0.8399999999999999,284486.7129730769,58942.0,0.77,284486.7129730769,53716.0,0.8499999999999999,284486.71297307697,54886.0,0.8066666666666665,284486.7129730769
2020,10,13247.0,45006.0,1.09,284486.7129730769,215861.60912461538,14439.230000000001,46540.0,0.81,284486.7129730769,59176.0,0.8399999999999999,284486.7129730769,58942.0,0.77,284486.7129730769,50240.666666666664,0.9133333333333331,284486.7129730769
2020,11,23790.0,44070.0,0.88,284486.71297307697,215861.60912461538,20935.2,45006.0,1.09,284486.7129730769,46540.0,0.81,284486.7129730769,59176.0,0.8399999999999999,284486.7129730769,45205.333333333336,0.9266666666666666,284486.7129730769
2020,12,34424.0,39715.0,0.58,284486.7129730769,215861.60912461538,19965.92,44070.0,0.88,284486.71297307697,45006.0,1.09,284486.7129730769,46540.0,0.81,284486.7129730769,42930.333333333336,0.85,284486.7129730769
2021,1,52220.0,55622.0,0.21999999999999997,1025077.8308335715,887060.1775714286,11488.399999999998,39715.0,0.58,284486.7129730769,44070.0,0.88,284486.71297307697,45006.0,1.09,284486.7129730769,46469.0,0.5599999999999998,531350.4189265751
2021,2,47614.0,44212.0,0.16,1025077.8308335714,887060.1775714286,7618.24,55622.0,0.21999999999999997,1025077.8308335715,39715.0,0.58,284486.7129730769,44070.0,0.88,284486.71297307697,46516.333333333336,0.31999999999999984,778214.1248800732
2021,3,42476.0,61334.0,0.18,1025077.8308335715,887060.1775714285,7645.679999999999,44212.0,0.16,1025077.8308335714,55622.0,0.21999999999999997,1025077.8308335715,39715.0,0.58,284486.7129730769,53722.666666666664,0.1866666666666665,1025077.8308335714
2021,4,34216.0,69944.0,0.39,1025077.8308335715,887060.1775714285,13344.24,61334.0,0.18,1025077.8308335715,44212.0,0.16,1025077.8308335714,55622.0,0.21999999999999997,1025077.8308335715,58496.666666666664,0.24333333333333318,1025077.8308335714
2021,5,26390.0,70980.0,0.5,1025077.8308335715,887060.1775714286,13195.0,69944.0,0.39,1025077.8308335715,61334.0,0.18,1025077.8308335715,44212.0,0.16,1025077.8308335714,67419.33333333333,0.35666666666666647,1025077.8308335715
2021,6,16366.0,58548.0,0.52,1025077.8308335715,887060.1775714285,8510.32,70980.0,0.5,1025077.8308335715,69944.0,0.39,1025077.8308335715,61334.0,0.18,1025077.8308335715,66490.66666666667,0.4699999999999999,1025077.8308335715
2021,7,13104.0,67046.0,0.4600000000000001,1025077.8308335715,887060.1775714285,6027.840000000001,58548.0,0.52,1025077.8308335715,70980.0,0.5,1025077.8308335715,69944.0,0.39,1025077.8308335715,65524.666666666664,0.4933333333333332,1025077.8308335715
2021,8,8764.0,63112.0,0.41999999999999993,1025077.8308335714,887060.1775714286,3680.879999999999,67046.0,0.4600000000000001,1025077.8308335715,58548.0,0.52,1025077.8308335715,70980.0,0.5,1025077.8308335715,62902.0,0.4666666666666665,1025077.8308335714
2021,9,8624.0,60900.0,0.5,1025077.8308335714,887060.1775714285,4312.0,63112.0,0.41999999999999993,1025077.8308335714,67046.0,0.4600000000000001,1025077.8308335715,58548.0,0.52,1025077.8308335715,63686.0,0.4599999999999998,1025077.8308335714
2021,10,14140.0,49854.0,0.8599999999999999,1025077.8308335715,887060.1775714285,12160.399999999998,60900.0,0.5,1025077.8308335714,63112.0,0.41999999999999993,1025077.8308335714,67046.0,0.4600000000000001,1025077.8308335715,57955.333333333336,0.5933333333333332,1025077.8308335714
2021,11,28000.0,46074.0,0.6,1025077.8308335715,887060.1775714285,16800.0,49854.0,0.8599999999999999,1025077.8308335715,60900.0,0.5,1025077.8308335714,63112.0,0.41999999999999993,1025077.8308335714,52276.0,0.6533333333333332,1025077.8308335714
2021,12,40880.0,47992.0,0.69,1025077.8308335715,887060.1775714285,28207.199999999997,46074.0,0.6,1025077.8308335715,49854.0,0.8599999999999999,1025077.8308335715,60900.0,0.5,1025077.8308335714,47973.333333333336,0.7166666666666665,1025077.8308335715
2022,1,78468.0,65533.0,0.7,1074133.1815446154,638143.5634692308,54927.6,47992.0,0.69,1025077.8308335715,46074.0,0.6,1025077.8308335715,49854.0,0.8599999999999999,1025077.8308335715,53199.666666666664,0.6633333333333331,1041429.6144039193
2022,2,56355.0,55224.0,0.66,1074133.1815446154,638143.5634692308,37194.3,65533.0,0.7,1074133.1815446154,47992.0,0.69,1025077.8308335715,46074.0,0.6,1025077.8308335715,56249.666666666664,0.6833333333333331,1057781.3979742674
2022,3,39702.0,56771.0,0.5,1074133.1815446154,638143.5634692308,19851.0,55224.0,0.66,1074133.1815446154,65533.0,0.7,1074133.1815446154,47992.0,0.69,1025077.8308335715,59176.0,0.6199999999999998,1074133.1815446154
2022,4,33709.0,73450.0,0.55,1074133.1815446154,638143.5634692308,18539.95,56771.0,0.5,1074133.1815446154,55224.0,0.66,1074133.1815446154,65533.0,0.7,1074133.1815446154,61815.0,0.57,1074133.1815446154
2022,5,27131.0,74477.0,0.44000000000000006,1074133.1815446154,638143.5634692308,11937.640000000001,73450.0,0.55,1074133.1815446154,56771.0,0.5,1074133.1815446154,55224.0,0.66,1074133.1815446154,68232.66666666667,0.4966666666666666,1074133.1815446154
2022,6,17524.0,65260.0,0.2,1074133.1815446154,638143.5634692308,3504.8,74477.0,0.44000000000000006,1074133.1815446154,73450.0,0.55,1074133.1815446154,56771.0,0.5,1074133.1815446154,71062.33333333333,0.39666666666666656,1074133.1815446154
2022,7,15470.0,72696.0,0.67,1074133.1815446154,638143.5634692308,10364.900000000001,65260.0,0.2,1074133.1815446154,74477.0,0.44000000000000006,1074133.1815446154,73450.0,0.55,1074133.1815446154,70811.0,0.43666666666666654,1074133.1815446154
2022,8,9178.0,76167.0,0.74,1074133.1815446154,638143.5634692308,6791.72,72696.0,0.67,1074133.1815446154,65260.0,0.2,1074133.1815446154,74477.0,0.44000000000000006,1074133.1815446154,71374.33333333333,0.5366666666666665,1074133.1815446154
2022,9,8502.0,59852.0,0.34,1074133.1815446154,638143.5634692308,2890.6800000000003,76167.0,0.74,1074133.1815446154,72696.0,0.67,1074133.1815446154,65260.0,0.2,1074133.1815446154,69571.66666666667,0.5833333333333331,1074133.1815446154
2022,10,15080.0,59553.0,0.56,1074133.1815446154,638143.5634692308,8444.800000000001,59852.0,0.34,1074133.1815446154,76167.0,0.74,1074133.1815446154,72696.0,0.67,1074133.1815446154,65190.666666666664,0.5466666666666665,1074133.1815446154
2022,11,22906.0,48711.0,0.56,1074133.1815446154,638143.5634692308,12827.36,59553.0,0.56,1074133.1815446154,59852.0,0.34,1074133.1815446154,76167.0,0.74,1074133.1815446154,56038.666666666664,0.4866666666666665,1074133.1815446154
2022,12,34762.0,51259.0,0.31,1074133.1815446154,638143.5634692308,10776.22,48711.0,0.56,1074133.1815446154,59553.0,0.56,1074133.1815446154,59852.0,0.34,1074133.1815446154,53174.333333333336,0.4766666666666665,1074133.1815446154
2023,1,35791.0,35525.0,0.44999999999999996,1568727.541757143,1414939.5138142856,16105.949999999999,51259.0,0.31,1074133.1815446154,48711.0,0.56,1074133.1815446154,59553.0,0.56,1074133.1815446154,45165.0,0.4399999999999998,1238997.9682821247
2023,2,26341.0,29617.0,0.23,1568727.541757143,1414939.5138142856,6058.43,35525.0,0.44999999999999996,1568727.541757143,51259.0,0.31,1074133.1815446154,48711.0,0.56,1074133.1815446154,38800.333333333336,0.3299999999999998,1403862.7550196338
2023,3,20153.0,32788.0,0.34,1568727.541757143,1414939.5138142856,6852.02,29617.0,0.23,1568727.541757143,35525.0,0.44999999999999996,1568727.541757143,51259.0,0.31,1074133.1815446154,32643.333333333332,0.3399999999999997,1568727.541757143
2023,4,24528.0,46361.0,0.21,1568727.5417571429,1414939.5138142856,5150.88,32788.0,0.34,1568727.541757143,29617.0,0.23,1568727.541757143,35525.0,0.44999999999999996,1568727.541757143,36255.333333333336,0.25999999999999973,1568727.5417571429
2023,5,16464.0,35693.0,0.31,1568727.541757143,1414939.5138142856,5103.84,46361.0,0.21,1568727.5417571429,32788.0,0.34,1568727.541757143,29617.0,0.23,1568727.541757143,38280.666666666664,0.28666666666666646,1568727.5417571429
2023,6,13601.0,37016.0,0.38,1568727.541757143,1414939.5138142859,5168.38,35693.0,0.31,1568727.541757143,46361.0,0.21,1568727.5417571429,32788.0,0.34,1568727.541757143,39690.0,0.29999999999999977,1568727.5417571429
2023,7,9247.0,40887.0,0.8699999999999999,1568727.5417571429,1414939.5138142859,8044.8899999999985,37016.0,0.38,1568727.541757143,35693.0,0.31,1568727.541757143,46361.0,0.21,1568727.5417571429,37865.333333333336,0.5199999999999997,1568727.5417571429
2023,8,4886.0,45458.0,1.14,1568727.5417571429,1414939.5138142856,5570.04,40887.0,0.8699999999999999,1568727.5417571429,37016.0,0.38,1568727.541757143,35693.0,0.31,1568727.541757143,41120.333333333336,0.7966666666666664,1568727.5417571429
2023,9,4480.0,36757.0,1.21,1568727.541757143,1414939.5138142856,5420.8,45458.0,1.14,1568727.5417571429,40887.0,0.8699999999999999,1568727.5417571429,37016.0,0.38,1568727.541757143,41034.0,1.073333333333333,1568727.5417571429
2023,10,7259.0,26873.0,1.13,1568727.541757143,1414939.5138142856,8202.67,36757.0,1.21,1568727.541757143,45458.0,1.14,1568727.5417571429,40887.0,0.8699999999999999,1568727.5417571429,36362.666666666664,1.1599999999999997,1568727.5417571429
2023,11,14987.0,23401.0,1.11,1568727.5417571429,1414939.5138142859,16635.57,26873.0,1.13,1568727.541757143,36757.0,1.21,1568727.541757143,45458.0,1.14,1568727.5417571429,29010.333333333332,1.1499999999999997,1568727.5417571429
2023,12,23205.0,29631.0,1.22,1568727.541757143,1414939.5138142856,28310.1,23401.0,1.11,1568727.5417571429,26873.0,1.13,1568727.541757143,36757.0,1.21,1568727.541757143,26635.0,1.153333333333333,1568727.5417571429
